<?xml version="1.0" encoding="UTF-8" standalone="yes"?>
<addon id="plugin.video.tvhdglobal" name="Global" provider-name="Live!t" version="1.0.2">
  <requires>
    <import addon="xbmc.python" version="2.14.0"/>
	<import addon="script.module.urlresolver" version="1.0.0"/>
	<import addon="script.module.beautifulsoup4" version="4.3.2"/>
	<import addon="script.module.t0mm0.common" version="1.0.0"/>
	<import addon="plugin.video.youtube" optional="true" />
  </requires>
  <extension point="xbmc.python.pluginsource" library="defaut.py">
    <provides>video</provides>
  </extension>
  <extension point="xbmc.addon.metadata">
    <summary lang="en">Global</summary>
    <description lang="en">Addon para uso exclusivo de clientes Global. É proibida a sua Copia. </description>
	<language>pt</language>
    <platform>all</platform>
    <license>Global 2.0</license>
	<assets>
		   <icon>resources/img/v2/icon.png</icon>
		   <fanart>resources/img/v2/fundo.png</fanart>
   </assets>
  </extension>
</addon>
